<?xml version="1.0" encoding="UTF-8"?>
<metadata xml:lang="sv"><Esri><CreaDate>20140129</CreaDate><CreaTime>13181800</CreaTime><ArcGISFormat>1.0</ArcGISFormat><SyncOnce>TRUE</SyncOnce><DataProperties><lineage><Process ToolSource="c:\program files (x86)\arcgis\desktop10.1\ArcToolbox\Toolboxes\Conversion Tools.tbx\RasterToPolyline" Date="20121030" Time="110147">RasterToPolyline 5haStreams "E:\DATA\WAM\GISdata to Paul\5haStreams.shp" ZERO 0 NO_SIMPLIFY VALUE</Process></lineage></DataProperties><MetaID>{03242F5C-2E14-48DD-A1A6-B43CF848F3CA}</MetaID></Esri><idinfo><citation><citeinfo><onlink Sync="TRUE"></onlink></citeinfo></citation></idinfo><distInfo><distributor><distorTran><onLineSrc><linkage Sync="TRUE">file://</linkage><protocol Sync="TRUE">Local Area Network</protocol></onLineSrc></distorTran></distributor></distInfo><dataqual><lineage><procstep><procdesc Sync="TRUE">Dataset copied.</procdesc><srcused Sync="TRUE"></srcused><procdate Sync="TRUE">20140129</procdate><proctime Sync="TRUE">13181800</proctime></procstep></lineage></dataqual></metadata>
